{"cameraMode":{"drawMode":2,"name":"Shaded Wireframe","section":"Shading Mode"},"sceneLighting":true,"audioPlay":false,"sceneViewState":{"showFog":false,"showMaterialUpdate":false,"showSkybox":false,"showFlares":false,"showImageEffects":false,"showParticleSystems":false},"in2DMode":false,"pivot":{"x":1.2737994194030762,"y":0.38111060857772829,"z":-0.8989548683166504},"rotation":{"x":0.08756290376186371,"y":0.8943449854850769,"z":-0.39010411500930788,"w":0.20074525475502015},"size":5.0886993408203129,"orthographic":false}