{"cameraMode":{"drawMode":2,"name":"Shaded Wireframe","section":"Shading Mode"},"sceneLighting":true,"audioPlay":false,"sceneViewState":{"showFog":true,"showMaterialUpdate":false,"showSkybox":true,"showFlares":true,"showImageEffects":true,"showParticleSystems":true},"in2DMode":false,"pivot":{"x":1.2737994194030762,"y":0.38111019134521487,"z":-0.8989548683166504},"rotation":{"x":0.030893193557858468,"y":0.9244404435157776,"z":-0.37224847078323367,"w":0.07671987265348435},"size":32.459320068359378,"orthographic":false}